<?xml version="1.0" encoding="UTF-8"?>
<beans xmlns="http://www.springframework.org/schema/beans"
	xmlns:xsi="http://www.w3.org/2001/XMLSchema-instance"
	xsi:schemaLocation="http://www.springframework.org/schema/beans http://www.springframework.org/schema/beans/spring-beans.xsd">
	
	<!-- Root Context: defines shared resources visible to all other web components -->
		
	<bean id="dataSource" class="org.springframework.jdbc.datasource.DriverManagerDataSource" >
	<!-- 	<property name="driverClassName" value="oracle.jdbc.OracleDriver" />
		<property name="url" value="jdbc:oracle:thin:@192.168.0.11:1521:orcl" /> -->
		<property name="driverClassName" value="net.sf.log4jdbc.sql.jdbcapi.DriverSpy" />
		<property name="url" value="jdbc:log4jdbc:oracle:thin:@192.168.0.11:1521:orcl" />
		<property name="username" value="exam_manager" />
		<property name="password" value="exam_manager!" />
	</bean>
	
	
	
	<!--  2 mybatis SessionFactory 생성하기!  -->
	<bean id="sqlSessionFactoryBean"
		class="org.mybatis.spring.SqlSessionFactoryBean">
		<property name="dataSource" ref="dataSource" />
		<property name="mapperLocations" value="classpath:mapper/**/*.xml" />
		<property name="configLocation" value="classpath:mybatis-config.xml" />
	</bean>
	
	<!--  3. mybatis Session생성  -->
	<bean id="sqlSessionTemplate" class="org.mybatis.spring.SqlSessionTemplate">
		<constructor-arg index="0" ref="sqlSessionFactoryBean" />
	</bean>
</beans>
