<?xml version="1.0" encoding="UTF-8"?>
<!DOCTYPE mapper PUBLIC "-//mybatis.org/DTD Mapper 3.0//EN" "http://mybatis.org/dtd/mybatis-3-mapper.dtd" >
<mapper namespace="user">
	<select id="userLogin" resultType="user" parameterType="map">
		SELECT * FROM EXAM_MANAGER.USERINFO WHERE ID=#{userId} AND PW=#{pwd}
	</select>
	<select id="checkId" parameterType="string" resultType="_int">
		SELECT COUNT(*) FROM EXAM_MANAGER.USERINFO WHERE ID=#{userId}
	</select>
	<insert id="userJoinEnd" parameterType="user" >
		INSERT INTO EXAM_MANAGER.USERINFO (ID, PW, NAME, INSDATE, USEYN)
		VALUES (#{id},#{pw},#{name},sysdate,default)
	</insert>
	<insert id="userDetailEnd" parameterType="map">
		INSERT INTO EXAM_MANAGER.USERINFODETAIL (ID, USERINFODETAILCD, RELCD, ADDRCD, ADDRNAME, MOBILETELNO, HOMETELNO, INSUSER, INSDATE, USEYN, DELIVNAME)
		VALUES (#{userId},(select concat('U',lpad(substr(max(USERINFODETAILCD),2)+1,8,'0'))  from USERINFODETAIL),#{relCd},#{addrCd} ,#{addrName} ,#{mobileTelNo} ,#{homeTelNo} ,#{userId} , sysdate,#{useYn} ,#{name} )
		
	</insert>
</mapper>
