<?xml version="1.0" encoding="UTF-8"?>
<beans xmlns="http://www.springframework.org/schema/beans"
	xmlns:xsi="http://www.w3.org/2001/XMLSchema-instance"
	xmlns:aop="http://www.springframework.org/schema/aop"
	xmlns:context="http://www.springframework.org/schema/context"
	xmlns:jdbc="http://www.springframework.org/schema/jdbc"
	xmlns:mybatis-spring="http://mybatis.org/schema/mybatis-spring"
	xsi:schemaLocation="http://www.springframework.org/schema/jdbc http://www.springframework.org/schema/jdbc/spring-jdbc-4.3.xsd
		http://mybatis.org/schema/mybatis-spring http://mybatis.org/schema/mybatis-spring-1.2.xsd
		http://www.springframework.org/schema/beans http://www.springframework.org/schema/beans/spring-beans.xsd
		http://www.springframework.org/schema/context http://www.springframework.org/schema/context/spring-context-4.3.xsd
		http://www.springframework.org/schema/aop http://www.springframework.org/schema/aop/spring-aop-4.3.xsd">
	
	<!-- Root Context: defines shared resources visible to all other web components -->
	
	<!-- DB jdbc connection  -->
    <bean id="dataSource" class="org.springframework.jdbc.datasource.DriverManagerDataSource">
        <property name="driverClassName"  value="oracle.jdbc.driver.OracleDriver"></property>
        <property name="url"  value="jdbc:oracle:thin:@localhost:1521:orcl"></property>
        <property name="username" value="scott"></property>
        <property name="password" value="1234"></property>
    </bean>
	
	<!-- MySQL dataSource -->
<!-- 	<bean id="dataSource"
		class="org.springframework.jdbc.datasource.DriverManagerDataSource">
		<property name="driverClassName" value="oracle.jdbc.driver.OracleDriver"></property>
		<property name="url" value="jdbc:oracle:thin:@localhost:1521:orcl"></property>
		<property name="username" value="scott"></property>
		<property name="password" value="1234"></property>
	</bean>
 -->
	<!-- mybatis SqlSessionFactoryBean -->
	<bean id="sqlSessionFactory" class="org.mybatis.spring.SqlSessionFactoryBean">
		<property name="dataSource" ref="dataSource"></property>
		<property name="configLocation" value="classpath:/mybatis-config.xml"></property>
		<property name="mapperLocations" value="classpath:mappers/**/*Mapper.xml"></property>
	</bean>
	
		<!-- mybatis 	 -->
	<bean id="sqlSession" class="org.mybatis.spring.SqlSessionTemplate"
		destroy-method="clearCache">
		<constructor-arg name="sqlSessionFactory" ref="sqlSessionFactory"></constructor-arg>
	</bean>
	
	<!-- bean 등록 -->
	<context:component-scan base-package="com.example.dao"></context:component-scan>
	<context:component-scan base-package="com.example.service"></context:component-scan>
	<context:component-scan base-package="com.example.controller"></context:component-scan>
		
</beans>
